timeStamp,elapsed,label,responseCode,responseMessage,threadName,dataType,success,failureMessage,bytes,sentBytes,grpThreads,allThreads,URL,Latency,IdleTime,Connect
1666687790284,1414,test1,200,"Number of samples in transaction : 1, number of failing samples : 0",Thread Group 1-3,,true,,342172,284,10,10,null,0,3,54
1666687790285,1414,HTTP Request,200,OK,Thread Group 1-3,text,true,,342172,284,10,10,https://en.wikipedia.org/wiki/Computer_network,105,0,54
1666687790285,105,HTTP Request-0,301,TLS Redirect,Thread Group 1-3,,true,,614,142,10,10,http://en.wikipedia.org/wiki/Computer_network,105,0,54
1666687790391,1308,HTTP Request-1,200,OK,Thread Group 1-3,text,true,,341558,142,10,10,https://en.wikipedia.org/wiki/Computer_network,1017,0,955
1666687790976,791,test1,200,"Number of samples in transaction : 1, number of failing samples : 0",Thread Group 1-10,,true,,342172,284,10,10,null,0,1,56
1666687790977,791,HTTP Request,200,OK,Thread Group 1-10,text,true,,342172,284,10,10,https://en.wikipedia.org/wiki/Computer_network,115,0,56
1666687790977,115,HTTP Request-0,301,TLS Redirect,Thread Group 1-10,,true,,614,142,10,10,http://en.wikipedia.org/wiki/Computer_network,115,0,56
1666687791093,675,HTTP Request-1,200,OK,Thread Group 1-10,text,true,,341558,142,10,10,https://en.wikipedia.org/wiki/Computer_network,387,0,262
1666687790878,894,test1,200,"Number of samples in transaction : 1, number of failing samples : 0",Thread Group 1-9,,true,,342172,284,10,10,null,0,1,51
1666687790879,894,HTTP Request,200,OK,Thread Group 1-9,text,true,,342172,284,10,10,https://en.wikipedia.org/wiki/Computer_network,109,0,51
1666687790879,109,HTTP Request-0,301,TLS Redirect,Thread Group 1-9,,true,,614,142,10,10,http://en.wikipedia.org/wiki/Computer_network,109,0,51
1666687790990,783,HTTP Request-1,200,OK,Thread Group 1-9,text,true,,341558,142,10,10,https://en.wikipedia.org/wiki/Computer_network,492,0,365
1666687790682,1113,test1,200,"Number of samples in transaction : 1, number of failing samples : 0",Thread Group 1-7,,true,,342172,284,10,10,null,0,2,57
1666687790683,1113,HTTP Request,200,OK,Thread Group 1-7,text,true,,342172,284,10,10,https://en.wikipedia.org/wiki/Computer_network,107,0,57
1666687790683,107,HTTP Request-0,301,TLS Redirect,Thread Group 1-7,,true,,614,142,10,10,http://en.wikipedia.org/wiki/Computer_network,107,0,57
1666687790792,1004,HTTP Request-1,200,OK,Thread Group 1-7,text,true,,341558,142,10,10,https://en.wikipedia.org/wiki/Computer_network,691,0,564
1666687790384,1415,test1,200,"Number of samples in transaction : 1, number of failing samples : 0",Thread Group 1-4,,true,,342172,284,10,10,null,0,2,53
1666687790386,1415,HTTP Request,200,OK,Thread Group 1-4,text,true,,342172,284,10,10,https://en.wikipedia.org/wiki/Computer_network,106,0,53
1666687790386,106,HTTP Request-0,301,TLS Redirect,Thread Group 1-4,,true,,614,142,10,10,http://en.wikipedia.org/wiki/Computer_network,106,0,53
1666687790494,1307,HTTP Request-1,200,OK,Thread Group 1-4,text,true,,341558,142,10,10,https://en.wikipedia.org/wiki/Computer_network,985,0,862
1666687790097,1603,test1,200,"Number of samples in transaction : 1, number of failing samples : 0",Thread Group 1-1,,true,,342172,284,10,10,null,0,103,90
1666687790200,1603,HTTP Request,200,OK,Thread Group 1-1,text,true,,342172,284,10,10,https://en.wikipedia.org/wiki/Computer_network,151,0,90
1666687790200,154,HTTP Request-0,301,TLS Redirect,Thread Group 1-1,,true,,614,142,10,10,http://en.wikipedia.org/wiki/Computer_network,151,0,90
1666687790357,1446,HTTP Request-1,200,OK,Thread Group 1-1,text,true,,341558,142,10,10,https://en.wikipedia.org/wiki/Computer_network,1125,0,999
1666687790483,1321,test1,200,"Number of samples in transaction : 1, number of failing samples : 0",Thread Group 1-5,,true,,342172,284,10,10,null,0,1,53
1666687790484,1321,HTTP Request,200,OK,Thread Group 1-5,text,true,,342172,284,10,10,https://en.wikipedia.org/wiki/Computer_network,119,0,53
1666687790484,119,HTTP Request-0,301,TLS Redirect,Thread Group 1-5,,true,,614,142,10,10,http://en.wikipedia.org/wiki/Computer_network,119,0,53
1666687790604,1201,HTTP Request-1,200,OK,Thread Group 1-5,text,true,,341558,142,10,10,https://en.wikipedia.org/wiki/Computer_network,875,0,742
1666687790587,1220,test1,200,"Number of samples in transaction : 1, number of failing samples : 0",Thread Group 1-6,,true,,342172,284,10,10,null,0,2,60
1666687790588,1220,HTTP Request,200,OK,Thread Group 1-6,text,true,,342172,284,10,10,https://en.wikipedia.org/wiki/Computer_network,114,0,60
1666687790588,114,HTTP Request-0,301,TLS Redirect,Thread Group 1-6,,true,,614,142,10,10,http://en.wikipedia.org/wiki/Computer_network,114,0,60
1666687790703,1105,HTTP Request-1,200,OK,Thread Group 1-6,text,true,,341558,142,10,10,https://en.wikipedia.org/wiki/Computer_network,777,0,652
1666687790186,1614,test1,200,"Number of samples in transaction : 1, number of failing samples : 0",Thread Group 1-2,,true,,342172,284,10,10,null,0,15,92
1666687790200,1614,HTTP Request,200,OK,Thread Group 1-2,text,true,,342172,284,10,10,https://en.wikipedia.org/wiki/Computer_network,154,0,92
1666687790200,155,HTTP Request-0,301,TLS Redirect,Thread Group 1-2,,true,,614,142,10,10,http://en.wikipedia.org/wiki/Computer_network,154,0,92
1666687790357,1457,HTTP Request-1,200,OK,Thread Group 1-2,text,true,,341558,142,10,10,https://en.wikipedia.org/wiki/Computer_network,1122,0,999
1666687790780,1036,test1,200,"Number of samples in transaction : 1, number of failing samples : 0",Thread Group 1-8,,true,,342172,284,10,10,null,0,2,59
1666687790782,1036,HTTP Request,200,OK,Thread Group 1-8,text,true,,342172,284,10,10,https://en.wikipedia.org/wiki/Computer_network,118,0,59
1666687790782,118,HTTP Request-0,301,TLS Redirect,Thread Group 1-8,,true,,614,142,10,10,http://en.wikipedia.org/wiki/Computer_network,118,0,59
1666687790901,917,HTTP Request-1,200,OK,Thread Group 1-8,text,true,,341558,142,10,10,https://en.wikipedia.org/wiki/Computer_network,580,0,456
1666687791701,565,test2,200,"Number of samples in transaction : 1, number of failing samples : 0",Thread Group 1-3,,true,,17455,119,10,10,null,0,1,144
1666687791702,565,HTTP Request,200,OK,Thread Group 1-3,text,true,,17455,119,10,10,https://www.google.com/,562,0,144
1666687791797,517,test2,200,"Number of samples in transaction : 1, number of failing samples : 0",Thread Group 1-7,,true,,17455,119,10,10,null,0,1,118
1666687791798,517,HTTP Request,200,OK,Thread Group 1-7,text,true,,17455,119,10,10,https://www.google.com/,515,0,118
1666687791769,585,test2,200,"Number of samples in transaction : 1, number of failing samples : 0",Thread Group 1-10,,true,,17508,119,10,10,null,0,1,128
1666687791770,585,HTTP Request,200,OK,Thread Group 1-10,text,true,,17508,119,10,10,https://www.google.com/,571,0,128
1666687791774,605,test2,200,"Number of samples in transaction : 1, number of failing samples : 0",Thread Group 1-9,,true,,17434,119,10,10,null,0,0,129
1666687791774,605,HTTP Request,200,OK,Thread Group 1-9,text,true,,17434,119,10,10,https://www.google.com/,594,0,129
1666687791816,615,test2,200,"Number of samples in transaction : 1, number of failing samples : 0",Thread Group 1-2,,true,,17474,119,10,10,null,0,1,167
1666687791817,615,HTTP Request,200,OK,Thread Group 1-2,text,true,,17474,119,10,10,https://www.google.com/,595,0,167
1666687791819,612,test2,200,"Number of samples in transaction : 1, number of failing samples : 0",Thread Group 1-8,,true,,17482,119,10,10,null,0,2,166
1666687791820,612,HTTP Request,200,OK,Thread Group 1-8,text,true,,17482,119,10,10,https://www.google.com/,611,0,166
1666687791805,627,test2,200,"Number of samples in transaction : 1, number of failing samples : 0",Thread Group 1-5,,true,,17463,119,10,10,null,0,3,176
1666687791808,627,HTTP Request,200,OK,Thread Group 1-5,text,true,,17463,119,10,10,https://www.google.com/,623,0,176
1666687791802,639,test2,200,"Number of samples in transaction : 1, number of failing samples : 0",Thread Group 1-4,,true,,17438,119,10,10,null,0,1,181
1666687791803,639,HTTP Request,200,OK,Thread Group 1-4,text,true,,17438,119,10,10,https://www.google.com/,627,0,181
1666687792268,176,test1,200,"Number of samples in transaction : 1, number of failing samples : 0",Thread Group 1-3,,true,,342172,284,10,10,null,0,0,0
1666687792268,176,HTTP Request,200,OK,Thread Group 1-3,text,true,,342172,284,10,10,https://en.wikipedia.org/wiki/Computer_network,53,0,0
1666687792268,53,HTTP Request-0,301,TLS Redirect,Thread Group 1-3,,true,,614,142,10,10,http://en.wikipedia.org/wiki/Computer_network,53,0,0
1666687792321,123,HTTP Request-1,200,OK,Thread Group 1-3,text,true,,341558,142,10,10,https://en.wikipedia.org/wiki/Computer_network,55,0,0
1666687791810,641,test2,200,"Number of samples in transaction : 1, number of failing samples : 0",Thread Group 1-6,,true,,17480,119,10,10,null,0,2,158
1666687791811,641,HTTP Request,200,OK,Thread Group 1-6,text,true,,17480,119,10,10,https://www.google.com/,633,0,158
1666687791804,663,test2,200,"Number of samples in transaction : 1, number of failing samples : 0",Thread Group 1-1,,true,,17471,119,10,10,null,0,1,179
1666687791805,663,HTTP Request,200,OK,Thread Group 1-1,text,true,,17471,119,10,10,https://www.google.com/,654,0,179
1666687792316,180,test1,200,"Number of samples in transaction : 1, number of failing samples : 0",Thread Group 1-7,,true,,342172,284,10,10,null,0,0,0
1666687792316,180,HTTP Request,200,OK,Thread Group 1-7,text,true,,342172,284,10,10,https://en.wikipedia.org/wiki/Computer_network,50,0,0
1666687792316,50,HTTP Request-0,301,TLS Redirect,Thread Group 1-7,,true,,614,142,10,10,http://en.wikipedia.org/wiki/Computer_network,50,0,0
1666687792366,130,HTTP Request-1,200,OK,Thread Group 1-7,text,true,,341558,142,10,10,https://en.wikipedia.org/wiki/Computer_network,52,0,0
1666687792356,169,test1,200,"Number of samples in transaction : 1, number of failing samples : 0",Thread Group 1-10,,true,,342172,284,10,10,null,0,0,0
1666687792356,169,HTTP Request,200,OK,Thread Group 1-10,text,true,,342172,284,10,10,https://en.wikipedia.org/wiki/Computer_network,53,0,0
1666687792356,53,HTTP Request-0,301,TLS Redirect,Thread Group 1-10,,true,,614,142,10,10,http://en.wikipedia.org/wiki/Computer_network,53,0,0
1666687792409,116,HTTP Request-1,200,OK,Thread Group 1-10,text,true,,341558,142,10,10,https://en.wikipedia.org/wiki/Computer_network,51,0,0
1666687792379,177,test1,200,"Number of samples in transaction : 1, number of failing samples : 0",Thread Group 1-9,,true,,342172,284,10,10,null,0,1,0
1666687792380,177,HTTP Request,200,OK,Thread Group 1-9,text,true,,342172,284,10,10,https://en.wikipedia.org/wiki/Computer_network,56,0,0
1666687792380,56,HTTP Request-0,301,TLS Redirect,Thread Group 1-9,,true,,614,142,10,10,http://en.wikipedia.org/wiki/Computer_network,56,0,0
1666687792436,121,HTTP Request-1,200,OK,Thread Group 1-9,text,true,,341558,142,10,10,https://en.wikipedia.org/wiki/Computer_network,52,0,0
1666687792435,185,test1,200,"Number of samples in transaction : 1, number of failing samples : 0",Thread Group 1-5,,true,,342172,284,10,10,null,0,1,0
1666687792435,185,HTTP Request,200,OK,Thread Group 1-5,text,true,,342172,284,10,10,https://en.wikipedia.org/wiki/Computer_network,58,0,0
1666687792435,58,HTTP Request-0,301,TLS Redirect,Thread Group 1-5,,true,,614,142,10,10,http://en.wikipedia.org/wiki/Computer_network,58,0,0
1666687792494,126,HTTP Request-1,200,OK,Thread Group 1-5,text,true,,341558,142,10,10,https://en.wikipedia.org/wiki/Computer_network,51,0,0
1666687792432,189,test1,200,"Number of samples in transaction : 1, number of failing samples : 0",Thread Group 1-2,,true,,342172,284,10,10,null,0,1,0
1666687792432,189,HTTP Request,200,OK,Thread Group 1-2,text,true,,342172,284,10,10,https://en.wikipedia.org/wiki/Computer_network,59,0,0
1666687792432,59,HTTP Request-0,301,TLS Redirect,Thread Group 1-2,,true,,614,142,10,10,http://en.wikipedia.org/wiki/Computer_network,59,0,0
1666687792491,130,HTTP Request-1,200,OK,Thread Group 1-2,text,true,,341558,142,10,10,https://en.wikipedia.org/wiki/Computer_network,54,0,0
1666687792442,179,test1,200,"Number of samples in transaction : 1, number of failing samples : 0",Thread Group 1-4,,true,,342172,284,10,10,null,0,2,0
1666687792443,179,HTTP Request,200,OK,Thread Group 1-4,text,true,,342172,284,10,10,https://en.wikipedia.org/wiki/Computer_network,53,0,0
1666687792433,189,test1,200,"Number of samples in transaction : 1, number of failing samples : 0",Thread Group 1-8,,true,,342172,284,10,10,null,0,1,0
1666687792443,53,HTTP Request-0,301,TLS Redirect,Thread Group 1-4,,true,,614,142,10,10,http://en.wikipedia.org/wiki/Computer_network,53,0,0
1666687792433,189,HTTP Request,200,OK,Thread Group 1-8,text,true,,342172,284,10,10,https://en.wikipedia.org/wiki/Computer_network,60,0,0
1666687792496,126,HTTP Request-1,200,OK,Thread Group 1-4,text,true,,341558,142,10,10,https://en.wikipedia.org/wiki/Computer_network,51,0,0
1666687792433,60,HTTP Request-0,301,TLS Redirect,Thread Group 1-8,,true,,614,142,10,10,http://en.wikipedia.org/wiki/Computer_network,60,0,0
1666687792493,129,HTTP Request-1,200,OK,Thread Group 1-8,text,true,,341558,142,10,10,https://en.wikipedia.org/wiki/Computer_network,54,0,0
1666687792453,180,test1,200,"Number of samples in transaction : 1, number of failing samples : 0",Thread Group 1-6,,true,,342172,284,10,10,null,0,0,0
1666687792453,180,HTTP Request,200,OK,Thread Group 1-6,text,true,,342172,284,10,10,https://en.wikipedia.org/wiki/Computer_network,53,0,0
1666687792453,53,HTTP Request-0,301,TLS Redirect,Thread Group 1-6,,true,,614,142,10,10,http://en.wikipedia.org/wiki/Computer_network,53,0,0
1666687792506,127,HTTP Request-1,200,OK,Thread Group 1-6,text,true,,341558,142,10,10,https://en.wikipedia.org/wiki/Computer_network,55,0,0
1666687792468,187,test1,200,"Number of samples in transaction : 1, number of failing samples : 0",Thread Group 1-1,,true,,342172,284,10,10,null,0,2,0
1666687792469,187,HTTP Request,200,OK,Thread Group 1-1,text,true,,342172,284,10,10,https://en.wikipedia.org/wiki/Computer_network,50,0,0
1666687792469,50,HTTP Request-0,301,TLS Redirect,Thread Group 1-1,,true,,614,142,10,10,http://en.wikipedia.org/wiki/Computer_network,50,0,0
1666687792519,137,HTTP Request-1,200,OK,Thread Group 1-1,text,true,,341558,142,10,10,https://en.wikipedia.org/wiki/Computer_network,57,0,0
1666687792445,467,test2,200,"Number of samples in transaction : 1, number of failing samples : 0",Thread Group 1-3,,true,,17439,119,10,10,null,0,0,0
1666687792445,467,HTTP Request,200,OK,Thread Group 1-3,text,true,,17439,119,10,10,https://www.google.com/,450,0,0
1666687792496,463,test2,200,"Number of samples in transaction : 1, number of failing samples : 0",Thread Group 1-7,,true,,17464,119,10,10,null,0,1,0
1666687792496,463,HTTP Request,200,OK,Thread Group 1-7,text,true,,17464,119,10,10,https://www.google.com/,454,0,0
1666687792525,472,test2,200,"Number of samples in transaction : 1, number of failing samples : 0",Thread Group 1-10,,true,,17492,119,10,10,null,0,0,0
1666687792525,472,HTTP Request,200,OK,Thread Group 1-10,text,true,,17492,119,10,10,https://www.google.com/,461,0,0
1666687792558,480,test2,200,"Number of samples in transaction : 1, number of failing samples : 0",Thread Group 1-9,,true,,17491,119,10,10,null,0,1,0
1666687792558,480,HTTP Request,200,OK,Thread Group 1-9,text,true,,17491,119,10,10,https://www.google.com/,463,0,0
1666687792623,440,test2,200,"Number of samples in transaction : 1, number of failing samples : 0",Thread Group 1-4,,true,,17465,119,10,10,null,0,0,0
1666687792623,440,HTTP Request,200,OK,Thread Group 1-4,text,true,,17465,119,10,10,https://www.google.com/,428,0,0
1666687792913,162,test1,200,"Number of samples in transaction : 1, number of failing samples : 0",Thread Group 1-3,,true,,342172,284,10,10,null,0,1,0
1666687792913,162,HTTP Request,200,OK,Thread Group 1-3,text,true,,342172,284,10,10,https://en.wikipedia.org/wiki/Computer_network,53,0,0
1666687792913,53,HTTP Request-0,301,TLS Redirect,Thread Group 1-3,,true,,614,142,10,10,http://en.wikipedia.org/wiki/Computer_network,53,0,0
1666687792967,108,HTTP Request-1,200,OK,Thread Group 1-3,text,true,,341558,142,10,10,https://en.wikipedia.org/wiki/Computer_network,50,0,0
1666687792622,486,test2,200,"Number of samples in transaction : 1, number of failing samples : 0",Thread Group 1-2,,true,,17524,119,10,10,null,0,0,0
1666687792622,486,HTTP Request,200,OK,Thread Group 1-2,text,true,,17524,119,10,10,https://www.google.com/,471,0,0
1666687792623,486,test2,200,"Number of samples in transaction : 1, number of failing samples : 0",Thread Group 1-8,,true,,17491,119,10,10,null,0,0,0
1666687792623,486,HTTP Request,200,OK,Thread Group 1-8,text,true,,17491,119,10,10,https://www.google.com/,472,0,0
1666687792634,485,test2,200,"Number of samples in transaction : 1, number of failing samples : 0",Thread Group 1-6,,true,,17537,119,10,10,null,0,0,0
1666687792634,485,HTTP Request,200,OK,Thread Group 1-6,text,true,,17537,119,10,10,https://www.google.com/,474,0,0
1666687792657,464,test2,200,"Number of samples in transaction : 1, number of failing samples : 0",Thread Group 1-1,,true,,17465,119,10,10,null,0,0,0
1666687792657,464,HTTP Request,200,OK,Thread Group 1-1,text,true,,17465,119,10,10,https://www.google.com/,444,0,0
1666687792960,164,test1,200,"Number of samples in transaction : 1, number of failing samples : 0",Thread Group 1-7,,true,,342172,284,10,10,null,0,1,0
1666687792960,164,HTTP Request,200,OK,Thread Group 1-7,text,true,,342172,284,10,10,https://en.wikipedia.org/wiki/Computer_network,51,0,0
1666687792960,51,HTTP Request-0,301,TLS Redirect,Thread Group 1-7,,true,,614,142,10,10,http://en.wikipedia.org/wiki/Computer_network,51,0,0
1666687793011,113,HTTP Request-1,200,OK,Thread Group 1-7,text,true,,341558,142,10,10,https://en.wikipedia.org/wiki/Computer_network,52,0,0
1666687792998,173,test1,200,"Number of samples in transaction : 1, number of failing samples : 0",Thread Group 1-10,,true,,342172,284,10,10,null,0,0,0
1666687792998,173,HTTP Request,200,OK,Thread Group 1-10,text,true,,342172,284,10,10,https://en.wikipedia.org/wiki/Computer_network,54,0,0
1666687792998,54,HTTP Request-0,301,TLS Redirect,Thread Group 1-10,,true,,614,142,10,10,http://en.wikipedia.org/wiki/Computer_network,54,0,0
1666687793052,119,HTTP Request-1,200,OK,Thread Group 1-10,text,true,,341558,142,10,10,https://en.wikipedia.org/wiki/Computer_network,58,0,0
1666687793039,172,test1,200,"Number of samples in transaction : 1, number of failing samples : 0",Thread Group 1-9,,true,,342172,284,10,10,null,0,0,0
1666687793039,172,HTTP Request,200,OK,Thread Group 1-9,text,true,,342172,284,10,10,https://en.wikipedia.org/wiki/Computer_network,55,0,0
1666687793039,55,HTTP Request-0,301,TLS Redirect,Thread Group 1-9,,true,,614,142,10,10,http://en.wikipedia.org/wiki/Computer_network,55,0,0
1666687793094,117,HTTP Request-1,200,OK,Thread Group 1-9,text,true,,341558,142,10,10,https://en.wikipedia.org/wiki/Computer_network,57,0,0
1666687793064,178,test1,200,"Number of samples in transaction : 1, number of failing samples : 0",Thread Group 1-4,,true,,342172,284,10,10,null,0,0,0
1666687793064,178,HTTP Request,200,OK,Thread Group 1-4,text,true,,342172,284,10,10,https://en.wikipedia.org/wiki/Computer_network,57,0,0
1666687793064,57,HTTP Request-0,301,TLS Redirect,Thread Group 1-4,,true,,614,142,10,10,http://en.wikipedia.org/wiki/Computer_network,57,0,0
1666687793122,120,HTTP Request-1,200,OK,Thread Group 1-4,text,true,,341558,142,10,10,https://en.wikipedia.org/wiki/Computer_network,51,0,0
1666687793109,182,test1,200,"Number of samples in transaction : 1, number of failing samples : 0",Thread Group 1-2,,true,,342172,284,10,10,null,0,1,0
1666687793110,182,test1,200,"Number of samples in transaction : 1, number of failing samples : 0",Thread Group 1-8,,true,,342172,284,10,10,null,0,0,0
1666687793110,182,HTTP Request,200,OK,Thread Group 1-2,text,true,,342172,284,10,10,https://en.wikipedia.org/wiki/Computer_network,56,0,0
1666687793110,182,HTTP Request,200,OK,Thread Group 1-8,text,true,,342172,284,10,10,https://en.wikipedia.org/wiki/Computer_network,57,0,0
1666687793110,57,HTTP Request-0,301,TLS Redirect,Thread Group 1-8,,true,,614,142,10,10,http://en.wikipedia.org/wiki/Computer_network,57,0,0
1666687793110,56,HTTP Request-0,301,TLS Redirect,Thread Group 1-2,,true,,614,142,10,10,http://en.wikipedia.org/wiki/Computer_network,56,0,0
1666687793167,125,HTTP Request-1,200,OK,Thread Group 1-8,text,true,,341558,142,10,10,https://en.wikipedia.org/wiki/Computer_network,57,0,0
1666687793167,125,HTTP Request-1,200,OK,Thread Group 1-2,text,true,,341558,142,10,10,https://en.wikipedia.org/wiki/Computer_network,57,0,0
1666687793121,184,test1,200,"Number of samples in transaction : 1, number of failing samples : 0",Thread Group 1-1,,true,,342172,284,10,10,null,0,0,0
1666687793120,185,test1,200,"Number of samples in transaction : 1, number of failing samples : 0",Thread Group 1-6,,true,,342172,284,10,10,null,0,0,0
1666687793121,184,HTTP Request,200,OK,Thread Group 1-1,text,true,,342172,284,10,10,https://en.wikipedia.org/wiki/Computer_network,51,0,0
1666687793120,185,HTTP Request,200,OK,Thread Group 1-6,text,true,,342172,284,10,10,https://en.wikipedia.org/wiki/Computer_network,54,0,0
1666687793121,51,HTTP Request-0,301,TLS Redirect,Thread Group 1-1,,true,,614,142,10,10,http://en.wikipedia.org/wiki/Computer_network,51,0,0
1666687793120,54,HTTP Request-0,301,TLS Redirect,Thread Group 1-6,,true,,614,142,10,10,http://en.wikipedia.org/wiki/Computer_network,54,0,0
1666687793172,133,HTTP Request-1,200,OK,Thread Group 1-1,text,true,,341558,142,10,10,https://en.wikipedia.org/wiki/Computer_network,57,0,0
1666687793174,131,HTTP Request-1,200,OK,Thread Group 1-6,text,true,,341558,142,10,10,https://en.wikipedia.org/wiki/Computer_network,59,0,0
1666687792621,819,test2,200,"Number of samples in transaction : 1, number of failing samples : 0",Thread Group 1-5,,true,,17436,119,10,10,null,0,0,0
1666687792621,819,HTTP Request,200,OK,Thread Group 1-5,text,true,,17436,119,10,10,https://www.google.com/,804,0,0
1666687793076,424,test2,200,"Number of samples in transaction : 1, number of failing samples : 0",Thread Group 1-3,,true,,17433,119,10,10,null,0,1,0
1666687793077,424,HTTP Request,200,OK,Thread Group 1-3,text,true,,17433,119,10,10,https://www.google.com/,409,0,0
1666687793125,469,test2,200,"Number of samples in transaction : 1, number of failing samples : 0",Thread Group 1-7,,true,,17486,119,10,10,null,0,0,0
1666687793125,469,HTTP Request,200,OK,Thread Group 1-7,text,true,,17486,119,10,10,https://www.google.com/,441,0,0
1666687793440,169,test1,200,"Number of samples in transaction : 1, number of failing samples : 0",Thread Group 1-5,,true,,342172,284,10,10,null,0,2,0
1666687793441,169,HTTP Request,200,OK,Thread Group 1-5,text,true,,342172,284,10,10,https://en.wikipedia.org/wiki/Computer_network,60,0,0
1666687793441,60,HTTP Request-0,301,TLS Redirect,Thread Group 1-5,,true,,614,142,10,10,http://en.wikipedia.org/wiki/Computer_network,60,0,0
1666687793501,109,HTTP Request-1,200,OK,Thread Group 1-5,text,true,,341558,142,10,10,https://en.wikipedia.org/wiki/Computer_network,50,0,0
1666687793172,449,test2,200,"Number of samples in transaction : 1, number of failing samples : 0",Thread Group 1-10,,true,,17445,119,10,10,null,0,0,0
1666687793172,449,HTTP Request,200,OK,Thread Group 1-10,text,true,,17445,119,10,10,https://www.google.com/,438,0,0
1666687793501,165,test1,200,"Number of samples in transaction : 1, number of failing samples : 0",Thread Group 1-3,,true,,342172,284,10,10,null,0,0,0
1666687793501,165,HTTP Request,200,OK,Thread Group 1-3,text,true,,342172,284,10,10,https://en.wikipedia.org/wiki/Computer_network,52,0,0
1666687793501,52,HTTP Request-0,301,TLS Redirect,Thread Group 1-3,,true,,614,142,10,10,http://en.wikipedia.org/wiki/Computer_network,52,0,0
1666687793553,113,HTTP Request-1,200,OK,Thread Group 1-3,text,true,,341558,142,10,10,https://en.wikipedia.org/wiki/Computer_network,57,0,0
1666687793211,462,test2,200,"Number of samples in transaction : 1, number of failing samples : 0",Thread Group 1-9,,true,,17526,119,10,10,null,0,1,0
1666687793211,462,HTTP Request,200,OK,Thread Group 1-9,text,true,,17526,119,10,10,https://www.google.com/,446,0,0
1666687793243,439,test2,200,"Number of samples in transaction : 1, number of failing samples : 0",Thread Group 1-4,,true,,17515,119,10,10,null,0,0,0
1666687793243,439,HTTP Request,200,OK,Thread Group 1-4,text,true,,17515,119,10,10,https://www.google.com/,426,0,0
1666687793594,158,test1,200,"Number of samples in transaction : 1, number of failing samples : 0",Thread Group 1-7,,true,,342172,284,10,10,null,0,1,0
1666687793594,158,HTTP Request,200,OK,Thread Group 1-7,text,true,,342172,284,10,10,https://en.wikipedia.org/wiki/Computer_network,49,0,0
1666687793594,49,HTTP Request-0,301,TLS Redirect,Thread Group 1-7,,true,,614,142,10,10,http://en.wikipedia.org/wiki/Computer_network,49,0,0
1666687793644,108,HTTP Request-1,200,OK,Thread Group 1-7,text,true,,341558,142,10,10,https://en.wikipedia.org/wiki/Computer_network,50,0,0
1666687793621,171,test1,200,"Number of samples in transaction : 1, number of failing samples : 0",Thread Group 1-10,,true,,342172,284,10,10,null,0,0,0
1666687793621,171,HTTP Request,200,OK,Thread Group 1-10,text,true,,342172,284,10,10,https://en.wikipedia.org/wiki/Computer_network,53,0,0
1666687793621,53,HTTP Request-0,301,TLS Redirect,Thread Group 1-10,,true,,614,142,10,10,http://en.wikipedia.org/wiki/Computer_network,53,0,0
1666687793674,118,HTTP Request-1,200,OK,Thread Group 1-10,text,true,,341558,142,10,10,https://en.wikipedia.org/wiki/Computer_network,50,0,0
1666687793306,487,test2,200,"Number of samples in transaction : 1, number of failing samples : 0",Thread Group 1-1,,true,,17427,119,10,10,null,0,0,0
1666687793306,487,HTTP Request,200,OK,Thread Group 1-1,text,true,,17427,119,10,10,https://www.google.com/,480,0,0
1666687793306,497,test2,200,"Number of samples in transaction : 1, number of failing samples : 0",Thread Group 1-6,,true,,17429,119,10,10,null,0,0,0
1666687793306,497,HTTP Request,200,OK,Thread Group 1-6,text,true,,17429,119,10,10,https://www.google.com/,496,0,0
1666687793293,525,test2,200,"Number of samples in transaction : 1, number of failing samples : 0",Thread Group 1-2,,true,,17464,119,10,10,null,0,0,0
1666687793293,525,HTTP Request,200,OK,Thread Group 1-2,text,true,,17464,119,10,10,https://www.google.com/,517,0,0
1666687793674,162,test1,200,"Number of samples in transaction : 1, number of failing samples : 0",Thread Group 1-9,,true,,342172,284,10,10,null,0,0,0
1666687793674,162,HTTP Request,200,OK,Thread Group 1-9,text,true,,342172,284,10,10,https://en.wikipedia.org/wiki/Computer_network,51,0,0
1666687793674,51,HTTP Request-0,301,TLS Redirect,Thread Group 1-9,,true,,614,142,10,10,http://en.wikipedia.org/wiki/Computer_network,51,0,0
1666687793725,111,HTTP Request-1,200,OK,Thread Group 1-9,text,true,,341558,142,10,10,https://en.wikipedia.org/wiki/Computer_network,50,0,0
1666687793682,172,test1,200,"Number of samples in transaction : 1, number of failing samples : 0",Thread Group 1-4,,true,,342172,284,10,10,null,0,1,0
1666687793682,172,HTTP Request,200,OK,Thread Group 1-4,text,true,,342172,284,10,10,https://en.wikipedia.org/wiki/Computer_network,54,0,0
1666687793682,54,HTTP Request-0,301,TLS Redirect,Thread Group 1-4,,true,,614,142,10,10,http://en.wikipedia.org/wiki/Computer_network,54,0,0
1666687793737,117,HTTP Request-1,200,OK,Thread Group 1-4,text,true,,341558,142,10,10,https://en.wikipedia.org/wiki/Computer_network,58,0,0
1666687793793,170,test1,200,"Number of samples in transaction : 1, number of failing samples : 0",Thread Group 1-1,,true,,342172,284,10,10,null,0,1,0
1666687793794,170,HTTP Request,200,OK,Thread Group 1-1,text,true,,342172,284,10,10,https://en.wikipedia.org/wiki/Computer_network,53,0,0
1666687793794,53,HTTP Request-0,301,TLS Redirect,Thread Group 1-1,,true,,614,142,10,10,http://en.wikipedia.org/wiki/Computer_network,53,0,0
1666687793847,117,HTTP Request-1,200,OK,Thread Group 1-1,text,true,,341558,142,10,10,https://en.wikipedia.org/wiki/Computer_network,53,0,0
1666687793804,170,test1,200,"Number of samples in transaction : 1, number of failing samples : 0",Thread Group 1-6,,true,,342172,284,10,10,null,0,1,0
1666687793804,170,HTTP Request,200,OK,Thread Group 1-6,text,true,,342172,284,10,10,https://en.wikipedia.org/wiki/Computer_network,52,0,0
1666687793804,52,HTTP Request-0,301,TLS Redirect,Thread Group 1-6,,true,,614,142,10,10,http://en.wikipedia.org/wiki/Computer_network,52,0,0
1666687793857,117,HTTP Request-1,200,OK,Thread Group 1-6,text,true,,341558,142,10,10,https://en.wikipedia.org/wiki/Computer_network,53,0,0
1666687793818,168,test1,200,"Number of samples in transaction : 1, number of failing samples : 0",Thread Group 1-2,,true,,342172,284,10,10,null,0,0,0
1666687793818,168,HTTP Request,200,OK,Thread Group 1-2,text,true,,342172,284,10,10,https://en.wikipedia.org/wiki/Computer_network,52,0,0
1666687793818,52,HTTP Request-0,301,TLS Redirect,Thread Group 1-2,,true,,614,142,10,10,http://en.wikipedia.org/wiki/Computer_network,52,0,0
1666687793871,115,HTTP Request-1,200,OK,Thread Group 1-2,text,true,,341558,142,10,10,https://en.wikipedia.org/wiki/Computer_network,54,0,0
1666687793611,452,test2,200,"Number of samples in transaction : 1, number of failing samples : 0",Thread Group 1-5,,true,,17462,119,10,10,null,0,0,0
1666687793611,452,HTTP Request,200,OK,Thread Group 1-5,text,true,,17462,119,10,10,https://www.google.com/,442,0,0
1666687793667,455,test2,200,"Number of samples in transaction : 1, number of failing samples : 0",Thread Group 1-3,,true,,17512,119,10,10,null,0,0,0
1666687793667,455,HTTP Request,200,OK,Thread Group 1-3,text,true,,17512,119,10,10,https://www.google.com/,440,0,0
1666687793753,449,test2,200,"Number of samples in transaction : 1, number of failing samples : 0",Thread Group 1-7,,true,,17521,119,10,10,null,0,1,0
1666687793753,449,HTTP Request,200,OK,Thread Group 1-7,text,true,,17521,119,10,10,https://www.google.com/,434,0,0
1666687794063,160,test1,200,"Number of samples in transaction : 1, number of failing samples : 0",Thread Group 1-5,,true,,342172,284,10,10,null,0,0,0
1666687794063,160,HTTP Request,200,OK,Thread Group 1-5,text,true,,342172,284,10,10,https://en.wikipedia.org/wiki/Computer_network,55,0,0
1666687794063,55,HTTP Request-0,301,TLS Redirect,Thread Group 1-5,,true,,614,142,10,10,http://en.wikipedia.org/wiki/Computer_network,55,0,0
1666687794119,104,HTTP Request-1,200,OK,Thread Group 1-5,text,true,,341558,142,10,10,https://en.wikipedia.org/wiki/Computer_network,51,0,0
1666687793792,476,test2,200,"Number of samples in transaction : 1, number of failing samples : 0",Thread Group 1-10,,true,,17460,119,10,10,null,0,1,0
1666687793793,476,HTTP Request,200,OK,Thread Group 1-10,text,true,,17460,119,10,10,https://www.google.com/,466,0,0
1666687794123,158,test1,200,"Number of samples in transaction : 1, number of failing samples : 0",Thread Group 1-3,,true,,342172,284,10,10,null,0,1,0
1666687794123,158,HTTP Request,200,OK,Thread Group 1-3,text,true,,342172,284,10,10,https://en.wikipedia.org/wiki/Computer_network,56,0,0
1666687794123,56,HTTP Request-0,301,TLS Redirect,Thread Group 1-3,,true,,614,142,10,10,http://en.wikipedia.org/wiki/Computer_network,56,0,0
1666687794179,102,HTTP Request-1,200,OK,Thread Group 1-3,text,true,,341558,142,10,10,https://en.wikipedia.org/wiki/Computer_network,51,0,0
1666687793855,492,test2,200,"Number of samples in transaction : 1, number of failing samples : 0",Thread Group 1-4,,true,,17385,119,10,10,null,0,0,0
1666687793855,492,HTTP Request,200,OK,Thread Group 1-4,text,true,,17385,119,10,10,https://www.google.com/,484,0,0
1666687794203,154,test1,200,"Number of samples in transaction : 1, number of failing samples : 0",Thread Group 1-7,,true,,342172,284,10,10,null,0,0,0
1666687794203,154,HTTP Request,200,OK,Thread Group 1-7,text,true,,342172,284,10,10,https://en.wikipedia.org/wiki/Computer_network,50,0,0
1666687794203,50,HTTP Request-0,301,TLS Redirect,Thread Group 1-7,,true,,614,142,10,10,http://en.wikipedia.org/wiki/Computer_network,50,0,0
1666687794253,104,HTTP Request-1,200,OK,Thread Group 1-7,text,true,,341558,142,10,10,https://en.wikipedia.org/wiki/Computer_network,50,0,0
1666687793965,437,test2,200,"Number of samples in transaction : 1, number of failing samples : 0",Thread Group 1-1,,true,,17445,119,10,10,null,0,0,0
1666687793965,437,HTTP Request,200,OK,Thread Group 1-1,text,true,,17445,119,10,10,https://www.google.com/,436,0,0
1666687793975,430,test2,200,"Number of samples in transaction : 1, number of failing samples : 0",Thread Group 1-6,,true,,17492,119,10,10,null,0,0,0
1666687793975,430,HTTP Request,200,OK,Thread Group 1-6,text,true,,17492,119,10,10,https://www.google.com/,426,0,0
1666687794269,159,test1,200,"Number of samples in transaction : 1, number of failing samples : 0",Thread Group 1-10,,true,,342172,284,10,10,null,0,2,0
1666687794271,159,HTTP Request,200,OK,Thread Group 1-10,text,true,,342172,284,10,10,https://en.wikipedia.org/wiki/Computer_network,52,0,0
1666687794271,52,HTTP Request-0,301,TLS Redirect,Thread Group 1-10,,true,,614,142,10,10,http://en.wikipedia.org/wiki/Computer_network,52,0,0
1666687794324,106,HTTP Request-1,200,OK,Thread Group 1-10,text,true,,341558,142,10,10,https://en.wikipedia.org/wiki/Computer_network,51,0,0
1666687794348,167,test1,200,"Number of samples in transaction : 1, number of failing samples : 0",Thread Group 1-4,,true,,342172,284,10,10,null,0,0,0
1666687794348,167,HTTP Request,200,OK,Thread Group 1-4,text,true,,342172,284,10,10,https://en.wikipedia.org/wiki/Computer_network,54,0,0
1666687794348,54,HTTP Request-0,301,TLS Redirect,Thread Group 1-4,,true,,614,142,10,10,http://en.wikipedia.org/wiki/Computer_network,54,0,0
1666687794403,112,HTTP Request-1,200,OK,Thread Group 1-4,text,true,,341558,142,10,10,https://en.wikipedia.org/wiki/Computer_network,51,0,0
1666687794403,168,test1,200,"Number of samples in transaction : 1, number of failing samples : 0",Thread Group 1-1,,true,,342172,284,10,10,null,0,0,0
1666687794403,168,HTTP Request,200,OK,Thread Group 1-1,text,true,,342172,284,10,10,https://en.wikipedia.org/wiki/Computer_network,52,0,0
1666687794403,52,HTTP Request-0,301,TLS Redirect,Thread Group 1-1,,true,,614,142,10,10,http://en.wikipedia.org/wiki/Computer_network,52,0,0
1666687794455,116,HTTP Request-1,200,OK,Thread Group 1-1,text,true,,341558,142,10,10,https://en.wikipedia.org/wiki/Computer_network,54,0,0
1666687794406,169,test1,200,"Number of samples in transaction : 1, number of failing samples : 0",Thread Group 1-6,,true,,342172,284,10,10,null,0,0,0
1666687794406,169,HTTP Request,200,OK,Thread Group 1-6,text,true,,342172,284,10,10,https://en.wikipedia.org/wiki/Computer_network,52,0,0
1666687794406,52,HTTP Request-0,301,TLS Redirect,Thread Group 1-6,,true,,614,142,10,10,http://en.wikipedia.org/wiki/Computer_network,52,0,0
1666687794459,116,HTTP Request-1,200,OK,Thread Group 1-6,text,true,,341558,142,10,10,https://en.wikipedia.org/wiki/Computer_network,55,0,0
1666687793293,1348,test2,200,"Number of samples in transaction : 1, number of failing samples : 0",Thread Group 1-8,,true,,17467,119,10,10,null,0,1,0
1666687793293,1348,HTTP Request,200,OK,Thread Group 1-8,text,true,,17467,119,10,10,https://www.google.com/,1338,0,0
1666687794223,441,test2,200,"Number of samples in transaction : 1, number of failing samples : 0",Thread Group 1-5,,true,,17400,119,10,10,null,0,1,0
1666687794224,441,HTTP Request,200,OK,Thread Group 1-5,text,true,,17400,119,10,10,https://www.google.com/,436,0,0
1666687794282,480,test2,200,"Number of samples in transaction : 1, number of failing samples : 0",Thread Group 1-3,,true,,17450,119,10,10,null,0,0,0
1666687794282,480,HTTP Request,200,OK,Thread Group 1-3,text,true,,17450,119,10,10,https://www.google.com/,471,0,0
1666687794642,166,test1,200,"Number of samples in transaction : 1, number of failing samples : 0",Thread Group 1-8,,true,,342172,284,10,10,null,0,1,0
1666687794642,166,HTTP Request,200,OK,Thread Group 1-8,text,true,,342172,284,10,10,https://en.wikipedia.org/wiki/Computer_network,52,0,0
1666687794642,52,HTTP Request-0,301,TLS Redirect,Thread Group 1-8,,true,,614,142,10,10,http://en.wikipedia.org/wiki/Computer_network,52,0,0
1666687794695,113,HTTP Request-1,200,OK,Thread Group 1-8,text,true,,341558,142,10,10,https://en.wikipedia.org/wiki/Computer_network,54,0,0
1666687794666,158,test1,200,"Number of samples in transaction : 1, number of failing samples : 0",Thread Group 1-5,,true,,342172,284,10,10,null,0,0,0
1666687794666,158,HTTP Request,200,OK,Thread Group 1-5,text,true,,342172,284,10,10,https://en.wikipedia.org/wiki/Computer_network,53,0,0
1666687794666,53,HTTP Request-0,301,TLS Redirect,Thread Group 1-5,,true,,614,142,10,10,http://en.wikipedia.org/wiki/Computer_network,53,0,0
1666687794719,105,HTTP Request-1,200,OK,Thread Group 1-5,text,true,,341558,142,10,10,https://en.wikipedia.org/wiki/Computer_network,51,0,0
1666687794357,482,test2,200,"Number of samples in transaction : 1, number of failing samples : 0",Thread Group 1-7,,true,,17518,119,10,10,null,0,1,0
1666687794358,482,HTTP Request,200,OK,Thread Group 1-7,text,true,,17518,119,10,10,https://www.google.com/,477,0,0
1666687794431,455,test2,200,"Number of samples in transaction : 1, number of failing samples : 0",Thread Group 1-10,,true,,17436,119,10,10,null,0,1,0
1666687794431,455,HTTP Request,200,OK,Thread Group 1-10,text,true,,17436,119,10,10,https://www.google.com/,438,0,0
1666687794763,157,test1,200,"Number of samples in transaction : 1, number of failing samples : 0",Thread Group 1-3,,true,,342172,284,10,10,null,0,0,0
1666687794763,157,HTTP Request,200,OK,Thread Group 1-3,text,true,,342172,284,10,10,https://en.wikipedia.org/wiki/Computer_network,52,0,0
1666687794763,52,HTTP Request-0,301,TLS Redirect,Thread Group 1-3,,true,,614,142,10,10,http://en.wikipedia.org/wiki/Computer_network,52,0,0
1666687794815,105,HTTP Request-1,200,OK,Thread Group 1-3,text,true,,341558,142,10,10,https://en.wikipedia.org/wiki/Computer_network,51,0,0
1666687794516,477,test2,200,"Number of samples in transaction : 1, number of failing samples : 0",Thread Group 1-4,,true,,17414,119,10,10,null,0,1,0
1666687794516,477,HTTP Request,200,OK,Thread Group 1-4,text,true,,17414,119,10,10,https://www.google.com/,458,0,0
1666687794841,157,test1,200,"Number of samples in transaction : 1, number of failing samples : 0",Thread Group 1-7,,true,,342172,284,10,10,null,0,1,0
1666687794841,157,HTTP Request,200,OK,Thread Group 1-7,text,true,,342172,284,10,10,https://en.wikipedia.org/wiki/Computer_network,50,0,0
1666687794841,50,HTTP Request-0,301,TLS Redirect,Thread Group 1-7,,true,,614,142,10,10,http://en.wikipedia.org/wiki/Computer_network,50,0,0
1666687794891,107,HTTP Request-1,200,OK,Thread Group 1-7,text,true,,341558,142,10,10,https://en.wikipedia.org/wiki/Computer_network,50,0,0
1666687794887,167,test1,200,"Number of samples in transaction : 1, number of failing samples : 0",Thread Group 1-10,,true,,342172,284,10,10,null,0,1,0
1666687794887,167,HTTP Request,200,OK,Thread Group 1-10,text,true,,342172,284,10,10,https://en.wikipedia.org/wiki/Computer_network,52,0,0
1666687794887,52,HTTP Request-0,301,TLS Redirect,Thread Group 1-10,,true,,614,142,10,10,http://en.wikipedia.org/wiki/Computer_network,52,0,0
1666687794939,115,HTTP Request-1,200,OK,Thread Group 1-10,text,true,,341558,142,10,10,https://en.wikipedia.org/wiki/Computer_network,55,0,0
1666687794572,492,test2,200,"Number of samples in transaction : 1, number of failing samples : 0",Thread Group 1-1,,true,,17493,119,10,10,null,0,0,0
1666687794572,492,HTTP Request,200,OK,Thread Group 1-1,text,true,,17493,119,10,10,https://www.google.com/,481,0,0
1666687794575,498,test2,200,"Number of samples in transaction : 1, number of failing samples : 0",Thread Group 1-6,,true,,17474,119,10,10,null,0,1,0
1666687794576,498,HTTP Request,200,OK,Thread Group 1-6,text,true,,17474,119,10,10,https://www.google.com/,488,0,0
1666687794994,176,test1,200,"Number of samples in transaction : 1, number of failing samples : 0",Thread Group 1-4,,true,,342172,284,10,10,null,0,0,0
1666687794994,176,HTTP Request,200,OK,Thread Group 1-4,text,true,,342172,284,10,10,https://en.wikipedia.org/wiki/Computer_network,54,0,0
1666687794994,54,HTTP Request-0,301,TLS Redirect,Thread Group 1-4,,true,,614,142,10,10,http://en.wikipedia.org/wiki/Computer_network,54,0,0
1666687795048,122,HTTP Request-1,200,OK,Thread Group 1-4,text,true,,341558,142,10,10,https://en.wikipedia.org/wiki/Computer_network,53,0,0
1666687793836,1368,test2,200,"Number of samples in transaction : 1, number of failing samples : 0",Thread Group 1-9,,true,,17424,119,10,10,null,0,0,0
1666687793836,1368,HTTP Request,200,OK,Thread Group 1-9,text,true,,17424,119,10,10,https://www.google.com/,1357,0,0
1666687795064,169,test1,200,"Number of samples in transaction : 1, number of failing samples : 0",Thread Group 1-1,,true,,342172,284,10,10,null,0,1,0
1666687795065,169,HTTP Request,200,OK,Thread Group 1-1,text,true,,342172,284,10,10,https://en.wikipedia.org/wiki/Computer_network,51,0,0
1666687795065,51,HTTP Request-0,301,TLS Redirect,Thread Group 1-1,,true,,614,142,10,10,http://en.wikipedia.org/wiki/Computer_network,51,0,0
1666687795116,118,HTTP Request-1,200,OK,Thread Group 1-1,text,true,,341558,142,10,10,https://en.wikipedia.org/wiki/Computer_network,54,0,0
1666687794809,438,test2,200,"Number of samples in transaction : 1, number of failing samples : 0",Thread Group 1-8,,true,,17495,119,10,10,null,0,1,0
1666687794809,438,HTTP Request,200,OK,Thread Group 1-8,text,true,,17495,119,10,10,https://www.google.com/,425,0,0
1666687795074,183,test1,200,"Number of samples in transaction : 1, number of failing samples : 0",Thread Group 1-6,,true,,342172,284,10,10,null,0,1,0
1666687795074,183,HTTP Request,200,OK,Thread Group 1-6,text,true,,342172,284,10,10,https://en.wikipedia.org/wiki/Computer_network,68,0,0
1666687795074,68,HTTP Request-0,301,TLS Redirect,Thread Group 1-6,,true,,614,142,10,10,http://en.wikipedia.org/wiki/Computer_network,68,0,0
1666687795142,115,HTTP Request-1,200,OK,Thread Group 1-6,text,true,,341558,142,10,10,https://en.wikipedia.org/wiki/Computer_network,54,0,0
1666687793986,1330,test2,200,"Number of samples in transaction : 1, number of failing samples : 0",Thread Group 1-2,,true,,17578,119,10,10,null,0,0,0
1666687793986,1330,HTTP Request,200,OK,Thread Group 1-2,text,true,,17578,119,10,10,https://www.google.com/,1317,0,0
1666687794824,503,test2,200,"Number of samples in transaction : 1, number of failing samples : 0",Thread Group 1-5,,true,,17471,119,10,10,null,0,0,0
1666687794824,503,HTTP Request,200,OK,Thread Group 1-5,text,true,,17471,119,10,10,https://www.google.com/,492,0,0
1666687795204,165,test1,200,"Number of samples in transaction : 1, number of failing samples : 0",Thread Group 1-9,,true,,342172,284,10,10,null,0,1,0
1666687795204,165,HTTP Request,200,OK,Thread Group 1-9,text,true,,342172,284,10,10,https://en.wikipedia.org/wiki/Computer_network,53,0,0
1666687795204,53,HTTP Request-0,301,TLS Redirect,Thread Group 1-9,,true,,614,142,10,10,http://en.wikipedia.org/wiki/Computer_network,53,0,0
1666687795257,112,HTTP Request-1,200,OK,Thread Group 1-9,text,true,,341558,142,10,10,https://en.wikipedia.org/wiki/Computer_network,51,0,0
1666687794921,451,test2,200,"Number of samples in transaction : 1, number of failing samples : 0",Thread Group 1-3,,true,,17441,119,10,10,null,0,0,0
1666687794921,451,HTTP Request,200,OK,Thread Group 1-3,text,true,,17441,119,10,10,https://www.google.com/,438,0,0
1666687795248,173,test1,200,"Number of samples in transaction : 1, number of failing samples : 0",Thread Group 1-8,,true,,342172,284,10,10,null,0,0,0
1666687795248,173,HTTP Request,200,OK,Thread Group 1-8,text,true,,342172,284,10,10,https://en.wikipedia.org/wiki/Computer_network,55,0,0
1666687795248,55,HTTP Request-0,301,TLS Redirect,Thread Group 1-8,,true,,614,142,10,10,http://en.wikipedia.org/wiki/Computer_network,55,0,0
1666687795303,118,HTTP Request-1,200,OK,Thread Group 1-8,text,true,,341558,142,10,10,https://en.wikipedia.org/wiki/Computer_network,56,0,0
1666687794999,465,test2,200,"Number of samples in transaction : 1, number of failing samples : 0",Thread Group 1-7,,true,,17490,119,10,10,null,0,1,0
1666687794999,465,HTTP Request,200,OK,Thread Group 1-7,text,true,,17490,119,10,10,https://www.google.com/,435,0,0
1666687795316,169,test1,200,"Number of samples in transaction : 1, number of failing samples : 0",Thread Group 1-2,,true,,342172,284,10,10,null,0,2,0
1666687795317,169,HTTP Request,200,OK,Thread Group 1-2,text,true,,342172,284,10,10,https://en.wikipedia.org/wiki/Computer_network,55,0,0
1666687795317,55,HTTP Request-0,301,TLS Redirect,Thread Group 1-2,,true,,614,142,10,10,http://en.wikipedia.org/wiki/Computer_network,55,0,0
1666687795372,114,HTTP Request-1,200,OK,Thread Group 1-2,text,true,,341558,142,10,10,https://en.wikipedia.org/wiki/Computer_network,52,0,0
1666687795055,440,test2,200,"Number of samples in transaction : 1, number of failing samples : 0",Thread Group 1-10,,true,,17543,119,10,10,null,0,0,0
1666687795055,440,HTTP Request,200,OK,Thread Group 1-10,text,true,,17543,119,10,10,https://www.google.com/,416,0,0
1666687795327,170,test1,200,"Number of samples in transaction : 1, number of failing samples : 0",Thread Group 1-5,,true,,342172,284,10,10,null,0,0,0
1666687795327,170,HTTP Request,200,OK,Thread Group 1-5,text,true,,342172,284,10,10,https://en.wikipedia.org/wiki/Computer_network,61,0,0
1666687795327,61,HTTP Request-0,301,TLS Redirect,Thread Group 1-5,,true,,614,142,10,10,http://en.wikipedia.org/wiki/Computer_network,61,0,0
1666687795388,109,HTTP Request-1,200,OK,Thread Group 1-5,text,true,,341558,142,10,10,https://en.wikipedia.org/wiki/Computer_network,53,0,0
1666687795373,160,test1,200,"Number of samples in transaction : 1, number of failing samples : 0",Thread Group 1-3,,true,,342172,284,10,10,null,0,1,0
1666687795373,160,HTTP Request,200,OK,Thread Group 1-3,text,true,,342172,284,10,10,https://en.wikipedia.org/wiki/Computer_network,52,0,0
1666687795373,52,HTTP Request-0,301,TLS Redirect,Thread Group 1-3,,true,,614,142,10,10,http://en.wikipedia.org/wiki/Computer_network,52,0,0
1666687795426,107,HTTP Request-1,200,OK,Thread Group 1-3,text,true,,341558,142,10,10,https://en.wikipedia.org/wiki/Computer_network,52,0,0
1666687795170,445,test2,200,"Number of samples in transaction : 1, number of failing samples : 0",Thread Group 1-4,,true,,17462,119,10,10,null,0,0,0
1666687795170,445,HTTP Request,200,OK,Thread Group 1-4,text,true,,17462,119,10,10,https://www.google.com/,431,0,0
1666687795465,157,test1,200,"Number of samples in transaction : 1, number of failing samples : 0",Thread Group 1-7,,true,,342172,284,10,10,null,0,0,0
1666687795465,157,HTTP Request,200,OK,Thread Group 1-7,text,true,,342172,284,10,10,https://en.wikipedia.org/wiki/Computer_network,53,0,0
1666687795465,53,HTTP Request-0,301,TLS Redirect,Thread Group 1-7,,true,,614,142,10,10,http://en.wikipedia.org/wiki/Computer_network,53,0,0
1666687795518,104,HTTP Request-1,200,OK,Thread Group 1-7,text,true,,341558,142,10,10,https://en.wikipedia.org/wiki/Computer_network,51,0,0
1666687795496,172,test1,200,"Number of samples in transaction : 1, number of failing samples : 0",Thread Group 1-10,,true,,342172,284,10,10,null,0,0,0
1666687795496,172,HTTP Request,200,OK,Thread Group 1-10,text,true,,342172,284,10,10,https://en.wikipedia.org/wiki/Computer_network,61,0,0
1666687795496,61,HTTP Request-0,301,TLS Redirect,Thread Group 1-10,,true,,614,142,10,10,http://en.wikipedia.org/wiki/Computer_network,61,0,0
1666687795557,111,HTTP Request-1,200,OK,Thread Group 1-10,text,true,,341558,142,10,10,https://en.wikipedia.org/wiki/Computer_network,51,0,0
1666687795235,446,test2,200,"Number of samples in transaction : 1, number of failing samples : 0",Thread Group 1-1,,true,,17476,119,10,10,null,0,1,0
1666687795235,446,HTTP Request,200,OK,Thread Group 1-1,text,true,,17476,119,10,10,https://www.google.com/,432,0,0
1666687795258,444,test2,200,"Number of samples in transaction : 1, number of failing samples : 0",Thread Group 1-6,,true,,17493,119,10,10,null,0,0,0
1666687795258,444,HTTP Request,200,OK,Thread Group 1-6,text,true,,17493,119,10,10,https://www.google.com/,434,0,0
1666687795615,167,test1,200,"Number of samples in transaction : 1, number of failing samples : 0",Thread Group 1-4,,true,,342172,284,10,10,null,0,1,0
1666687795615,167,HTTP Request,200,OK,Thread Group 1-4,text,true,,342172,284,10,10,https://en.wikipedia.org/wiki/Computer_network,55,0,0
1666687795615,55,HTTP Request-0,301,TLS Redirect,Thread Group 1-4,,true,,614,142,10,10,http://en.wikipedia.org/wiki/Computer_network,55,0,0
1666687795670,112,HTTP Request-1,200,OK,Thread Group 1-4,text,true,,341558,142,10,10,https://en.wikipedia.org/wiki/Computer_network,52,0,0
1666687795370,431,test2,200,"Number of samples in transaction : 1, number of failing samples : 0",Thread Group 1-9,,true,,17478,119,10,10,null,0,0,0
1666687795370,431,HTTP Request,200,OK,Thread Group 1-9,text,true,,17478,119,10,10,https://www.google.com/,419,0,0
1666687795682,161,test1,200,"Number of samples in transaction : 1, number of failing samples : 0",Thread Group 1-1,,true,,342172,284,10,10,null,0,0,0
1666687795682,161,HTTP Request,200,OK,Thread Group 1-1,text,true,,342172,284,10,10,https://en.wikipedia.org/wiki/Computer_network,51,0,0
1666687795682,51,HTTP Request-0,301,TLS Redirect,Thread Group 1-1,,true,,614,142,10,10,http://en.wikipedia.org/wiki/Computer_network,51,0,0
1666687795734,109,HTTP Request-1,200,OK,Thread Group 1-1,text,true,,341558,142,10,10,https://en.wikipedia.org/wiki/Computer_network,52,0,0
1666687795421,449,test2,200,"Number of samples in transaction : 1, number of failing samples : 0",Thread Group 1-8,,true,,17497,119,10,10,null,0,2,0
1666687795422,449,HTTP Request,200,OK,Thread Group 1-8,text,true,,17497,119,10,10,https://www.google.com/,440,0,0
1666687795702,176,test1,200,"Number of samples in transaction : 1, number of failing samples : 0",Thread Group 1-6,,true,,342172,284,10,10,null,0,2,0
1666687795703,176,HTTP Request,200,OK,Thread Group 1-6,text,true,,342172,284,10,10,https://en.wikipedia.org/wiki/Computer_network,66,0,0
1666687795703,66,HTTP Request-0,301,TLS Redirect,Thread Group 1-6,,true,,614,142,10,10,http://en.wikipedia.org/wiki/Computer_network,66,0,0
1666687795770,109,HTTP Request-1,200,OK,Thread Group 1-6,text,true,,341558,142,10,10,https://en.wikipedia.org/wiki/Computer_network,53,0,0
1666687795487,447,test2,200,"Number of samples in transaction : 1, number of failing samples : 0",Thread Group 1-2,,true,,17500,119,10,10,null,0,1,0
1666687795487,447,HTTP Request,200,OK,Thread Group 1-2,text,true,,17500,119,10,10,https://www.google.com/,440,0,0
1666687795802,168,test1,200,"Number of samples in transaction : 1, number of failing samples : 0",Thread Group 1-9,,true,,342172,284,10,10,null,0,0,0
1666687795802,168,HTTP Request,200,OK,Thread Group 1-9,text,true,,342172,284,10,10,https://en.wikipedia.org/wiki/Computer_network,60,0,0
1666687795802,60,HTTP Request-0,301,TLS Redirect,Thread Group 1-9,,true,,614,142,10,10,http://en.wikipedia.org/wiki/Computer_network,60,0,0
1666687795863,107,HTTP Request-1,200,OK,Thread Group 1-9,text,true,,341558,142,10,10,https://en.wikipedia.org/wiki/Computer_network,51,0,0
1666687795534,448,test2,200,"Number of samples in transaction : 1, number of failing samples : 0",Thread Group 1-3,,true,,17465,119,10,10,null,0,0,0
1666687795534,448,HTTP Request,200,OK,Thread Group 1-3,text,true,,17465,119,10,10,https://www.google.com/,434,0,0
1666687795497,491,test2,200,"Number of samples in transaction : 1, number of failing samples : 0",Thread Group 1-5,,true,,17494,119,10,10,null,0,1,0
1666687795497,491,HTTP Request,200,OK,Thread Group 1-5,text,true,,17494,119,10,10,https://www.google.com/,485,0,0
1666687795872,168,test1,200,"Number of samples in transaction : 1, number of failing samples : 0",Thread Group 1-8,,true,,342172,284,10,10,null,0,1,0
1666687795872,168,HTTP Request,200,OK,Thread Group 1-8,text,true,,342172,284,10,10,https://en.wikipedia.org/wiki/Computer_network,55,0,0
1666687795872,55,HTTP Request-0,301,TLS Redirect,Thread Group 1-8,,true,,614,142,10,10,http://en.wikipedia.org/wiki/Computer_network,55,0,0
1666687795928,112,HTTP Request-1,200,OK,Thread Group 1-8,text,true,,341558,142,10,10,https://en.wikipedia.org/wiki/Computer_network,54,0,0
1666687795623,440,test2,200,"Number of samples in transaction : 1, number of failing samples : 0",Thread Group 1-7,,true,,17408,119,10,10,null,0,0,0
1666687795623,440,HTTP Request,200,OK,Thread Group 1-7,text,true,,17408,119,10,10,https://www.google.com/,426,0,0
1666687795935,175,test1,200,"Number of samples in transaction : 1, number of failing samples : 0",Thread Group 1-2,,true,,342172,284,10,10,null,0,0,0
1666687795935,175,HTTP Request,200,OK,Thread Group 1-2,text,true,,342172,284,10,10,https://en.wikipedia.org/wiki/Computer_network,53,0,0
1666687795935,53,HTTP Request-0,301,TLS Redirect,Thread Group 1-2,,true,,614,142,10,10,http://en.wikipedia.org/wiki/Computer_network,53,0,0
1666687795989,121,HTTP Request-1,200,OK,Thread Group 1-2,text,true,,341558,142,10,10,https://en.wikipedia.org/wiki/Computer_network,54,0,0
1666687795668,453,test2,200,"Number of samples in transaction : 1, number of failing samples : 0",Thread Group 1-10,,true,,17463,119,10,10,null,0,1,0
1666687795668,453,HTTP Request,200,OK,Thread Group 1-10,text,true,,17463,119,10,10,https://www.google.com/,438,0,0
1666687795982,156,test1,200,"Number of samples in transaction : 1, number of failing samples : 0",Thread Group 1-3,,true,,342172,284,10,10,null,0,0,0
1666687795982,156,HTTP Request,200,OK,Thread Group 1-3,text,true,,342172,284,10,10,https://en.wikipedia.org/wiki/Computer_network,53,0,0
1666687795982,53,HTTP Request-0,301,TLS Redirect,Thread Group 1-3,,true,,614,142,10,10,http://en.wikipedia.org/wiki/Computer_network,53,0,0
1666687796036,102,HTTP Request-1,200,OK,Thread Group 1-3,text,true,,341558,142,10,10,https://en.wikipedia.org/wiki/Computer_network,49,0,0
1666687795989,161,test1,200,"Number of samples in transaction : 1, number of failing samples : 0",Thread Group 1-5,,true,,342172,284,10,10,null,0,0,0
1666687795989,161,HTTP Request,200,OK,Thread Group 1-5,text,true,,342172,284,10,10,https://en.wikipedia.org/wiki/Computer_network,54,0,0
1666687795989,54,HTTP Request-0,301,TLS Redirect,Thread Group 1-5,,true,,614,142,10,10,http://en.wikipedia.org/wiki/Computer_network,54,0,0
1666687796043,107,HTTP Request-1,200,OK,Thread Group 1-5,text,true,,341558,142,10,10,https://en.wikipedia.org/wiki/Computer_network,51,0,0
1666687796063,163,test1,200,"Number of samples in transaction : 1, number of failing samples : 0",Thread Group 1-7,,true,,342172,284,10,10,null,0,0,0
1666687796063,163,HTTP Request,200,OK,Thread Group 1-7,text,true,,342172,284,10,10,https://en.wikipedia.org/wiki/Computer_network,58,0,0
1666687796063,58,HTTP Request-0,301,TLS Redirect,Thread Group 1-7,,true,,614,142,10,10,http://en.wikipedia.org/wiki/Computer_network,58,0,0
1666687796122,104,HTTP Request-1,200,OK,Thread Group 1-7,text,true,,341558,142,10,10,https://en.wikipedia.org/wiki/Computer_network,50,0,0
1666687795783,452,test2,200,"Number of samples in transaction : 1, number of failing samples : 0",Thread Group 1-4,,true,,17454,119,10,10,null,0,0,0
1666687795783,452,HTTP Request,200,OK,Thread Group 1-4,text,true,,17454,119,10,10,https://www.google.com/,438,0,0
1666687796122,160,test1,200,"Number of samples in transaction : 1, number of failing samples : 0",Thread Group 1-10,,true,,342172,284,10,10,null,0,0,0
1666687796122,160,HTTP Request,200,OK,Thread Group 1-10,text,true,,342172,284,10,10,https://en.wikipedia.org/wiki/Computer_network,54,0,0
1666687796122,54,HTTP Request-0,301,TLS Redirect,Thread Group 1-10,,true,,614,142,10,10,http://en.wikipedia.org/wiki/Computer_network,54,0,0
1666687796176,106,HTTP Request-1,200,OK,Thread Group 1-10,text,true,,341558,142,10,10,https://en.wikipedia.org/wiki/Computer_network,52,0,0
1666687795843,464,test2,200,"Number of samples in transaction : 1, number of failing samples : 0",Thread Group 1-1,,true,,17480,119,10,10,null,0,0,0
1666687795843,464,HTTP Request,200,OK,Thread Group 1-1,text,true,,17480,119,10,10,https://www.google.com/,442,0,0
1666687795880,464,test2,200,"Number of samples in transaction : 1, number of failing samples : 0",Thread Group 1-6,,true,,17470,119,10,10,null,0,1,0
1666687795880,464,HTTP Request,200,OK,Thread Group 1-6,text,true,,17470,119,10,10,https://www.google.com/,446,0,0
1666687796235,163,test1,200,"Number of samples in transaction : 1, number of failing samples : 0",Thread Group 1-4,,true,,342172,284,10,10,null,0,1,0
1666687796236,163,HTTP Request,200,OK,Thread Group 1-4,text,true,,342172,284,10,10,https://en.wikipedia.org/wiki/Computer_network,52,0,0
1666687796236,52,HTTP Request-0,301,TLS Redirect,Thread Group 1-4,,true,,614,142,10,10,http://en.wikipedia.org/wiki/Computer_network,52,0,0
1666687796288,111,HTTP Request-1,200,OK,Thread Group 1-4,text,true,,341558,142,10,10,https://en.wikipedia.org/wiki/Computer_network,56,0,0
1666687795970,450,test2,200,"Number of samples in transaction : 1, number of failing samples : 0",Thread Group 1-9,,true,,17504,119,10,10,null,0,1,0
1666687795971,450,HTTP Request,200,OK,Thread Group 1-9,text,true,,17504,119,10,10,https://www.google.com/,435,0,0
1666687796307,161,test1,200,"Number of samples in transaction : 1, number of failing samples : 0",Thread Group 1-1,,true,,342172,284,10,10,null,0,1,0
1666687796308,161,HTTP Request,200,OK,Thread Group 1-1,text,true,,342172,284,10,10,https://en.wikipedia.org/wiki/Computer_network,49,0,0
1666687796308,49,HTTP Request-0,301,TLS Redirect,Thread Group 1-1,,true,,614,142,10,10,http://en.wikipedia.org/wiki/Computer_network,49,0,0
1666687796357,112,HTTP Request-1,200,OK,Thread Group 1-1,text,true,,341558,142,10,10,https://en.wikipedia.org/wiki/Computer_network,53,0,0
1666687796345,161,test1,200,"Number of samples in transaction : 1, number of failing samples : 0",Thread Group 1-6,,true,,342172,284,10,10,null,0,0,0
1666687796345,161,HTTP Request,200,OK,Thread Group 1-6,text,true,,342172,284,10,10,https://en.wikipedia.org/wiki/Computer_network,53,0,0
1666687796345,53,HTTP Request-0,301,TLS Redirect,Thread Group 1-6,,true,,614,142,10,10,http://en.wikipedia.org/wiki/Computer_network,53,0,0
1666687796398,108,HTTP Request-1,200,OK,Thread Group 1-6,text,true,,341558,142,10,10,https://en.wikipedia.org/wiki/Computer_network,54,0,0
1666687796041,496,test2,200,"Number of samples in transaction : 1, number of failing samples : 0",Thread Group 1-8,,true,,17457,119,10,10,null,0,0,0
1666687796041,496,HTTP Request,200,OK,Thread Group 1-8,text,true,,17457,119,10,10,https://www.google.com/,485,0,0
1666687796421,165,test1,200,"Number of samples in transaction : 1, number of failing samples : 0",Thread Group 1-9,,true,,342172,284,10,10,null,0,1,0
1666687796421,165,HTTP Request,200,OK,Thread Group 1-9,text,true,,342172,284,10,10,https://en.wikipedia.org/wiki/Computer_network,55,0,0
1666687796421,55,HTTP Request-0,301,TLS Redirect,Thread Group 1-9,,true,,614,142,10,10,http://en.wikipedia.org/wiki/Computer_network,55,0,0
1666687796477,109,HTTP Request-1,200,OK,Thread Group 1-9,text,true,,341558,142,10,10,https://en.wikipedia.org/wiki/Computer_network,52,0,0
1666687796139,469,test2,200,"Number of samples in transaction : 1, number of failing samples : 0",Thread Group 1-3,,true,,17431,119,10,10,null,0,0,0
1666687796139,469,HTTP Request,200,OK,Thread Group 1-3,text,true,,17431,119,10,10,https://www.google.com/,451,0,0
1666687796151,457,test2,200,"Number of samples in transaction : 1, number of failing samples : 0",Thread Group 1-5,,true,,17456,119,10,10,null,0,0,0
1666687796151,457,HTTP Request,200,OK,Thread Group 1-5,text,true,,17456,119,10,10,https://www.google.com/,442,0,0
1666687796227,453,test2,200,"Number of samples in transaction : 1, number of failing samples : 0",Thread Group 1-7,,true,,17483,119,10,10,null,0,0,0
1666687796227,453,HTTP Request,200,OK,Thread Group 1-7,text,true,,17483,119,10,10,https://www.google.com/,438,0,0
1666687796537,170,test1,200,"Number of samples in transaction : 1, number of failing samples : 0",Thread Group 1-8,,true,,342172,284,10,10,null,0,2,0
1666687796538,170,HTTP Request,200,OK,Thread Group 1-8,text,true,,342172,284,10,10,https://en.wikipedia.org/wiki/Computer_network,54,0,0
1666687796538,54,HTTP Request-0,301,TLS Redirect,Thread Group 1-8,,true,,614,142,10,10,http://en.wikipedia.org/wiki/Computer_network,54,0,0
1666687796593,115,HTTP Request-1,200,OK,Thread Group 1-8,text,true,,341558,142,10,10,https://en.wikipedia.org/wiki/Computer_network,54,0,0
1666687796608,155,test1,200,"Number of samples in transaction : 1, number of failing samples : 0",Thread Group 1-3,,true,,342172,284,10,10,null,0,0,0
1666687796608,155,HTTP Request,200,OK,Thread Group 1-3,text,true,,342172,284,10,10,https://en.wikipedia.org/wiki/Computer_network,53,0,0
1666687796608,53,HTTP Request-0,301,TLS Redirect,Thread Group 1-3,,true,,614,142,10,10,http://en.wikipedia.org/wiki/Computer_network,53,0,0
1666687796661,102,HTTP Request-1,200,OK,Thread Group 1-3,text,true,,341558,142,10,10,https://en.wikipedia.org/wiki/Computer_network,51,0,0
1666687796282,484,test2,200,"Number of samples in transaction : 1, number of failing samples : 0",Thread Group 1-10,,true,,17491,119,10,10,null,0,1,0
1666687796283,484,HTTP Request,200,OK,Thread Group 1-10,text,true,,17491,119,10,10,https://www.google.com/,474,0,0
1666687796608,162,test1,200,"Number of samples in transaction : 1, number of failing samples : 0",Thread Group 1-5,,true,,342172,284,10,10,null,0,0,0
1666687796608,162,HTTP Request,200,OK,Thread Group 1-5,text,true,,342172,284,10,10,https://en.wikipedia.org/wiki/Computer_network,53,0,0
1666687796608,53,HTTP Request-0,301,TLS Redirect,Thread Group 1-5,,true,,614,142,10,10,http://en.wikipedia.org/wiki/Computer_network,53,0,0
1666687796661,109,HTTP Request-1,200,OK,Thread Group 1-5,text,true,,341558,142,10,10,https://en.wikipedia.org/wiki/Computer_network,51,0,0
1666687796111,719,test2,200,"Number of samples in transaction : 1, number of failing samples : 0",Thread Group 1-2,,true,,17476,119,10,10,null,0,0,0
1666687796111,719,HTTP Request,200,OK,Thread Group 1-2,text,true,,17476,119,10,10,https://www.google.com/,708,0,0
1666687796400,440,test2,200,"Number of samples in transaction : 1, number of failing samples : 0",Thread Group 1-4,,true,,17487,119,10,10,null,0,0,0
1666687796400,440,HTTP Request,200,OK,Thread Group 1-4,text,true,,17487,119,10,10,https://www.google.com/,426,0,0
1666687796680,164,test1,200,"Number of samples in transaction : 1, number of failing samples : 0",Thread Group 1-7,,true,,342172,284,10,10,null,0,2,0
1666687796681,164,HTTP Request,200,OK,Thread Group 1-7,text,true,,342172,284,10,10,https://en.wikipedia.org/wiki/Computer_network,58,0,0
1666687796681,58,HTTP Request-0,301,TLS Redirect,Thread Group 1-7,,true,,614,142,10,10,http://en.wikipedia.org/wiki/Computer_network,58,0,0
1666687796740,105,HTTP Request-1,200,OK,Thread Group 1-7,text,true,,341558,142,10,10,https://en.wikipedia.org/wiki/Computer_network,51,0,0
1666687796469,451,test2,200,"Number of samples in transaction : 1, number of failing samples : 0",Thread Group 1-1,,true,,17508,119,10,10,null,0,1,0
1666687796470,451,HTTP Request,200,OK,Thread Group 1-1,text,true,,17508,119,10,10,https://www.google.com/,435,0,0
1666687796767,168,test1,200,"Number of samples in transaction : 1, number of failing samples : 0",Thread Group 1-10,,true,,342172,284,10,10,null,0,1,0
1666687796768,168,HTTP Request,200,OK,Thread Group 1-10,text,true,,342172,284,10,10,https://en.wikipedia.org/wiki/Computer_network,53,0,0
1666687796768,53,HTTP Request-0,301,TLS Redirect,Thread Group 1-10,,true,,614,142,10,10,http://en.wikipedia.org/wiki/Computer_network,53,0,0
1666687796822,114,HTTP Request-1,200,OK,Thread Group 1-10,text,true,,341558,142,10,10,https://en.wikipedia.org/wiki/Computer_network,50,0,0
1666687796506,483,test2,200,"Number of samples in transaction : 1, number of failing samples : 0",Thread Group 1-6,,true,,17447,119,10,10,null,0,1,0
1666687796506,483,HTTP Request,200,OK,Thread Group 1-6,text,true,,17447,119,10,10,https://www.google.com/,474,0,0
1666687796830,164,test1,200,"Number of samples in transaction : 1, number of failing samples : 0",Thread Group 1-2,,true,,342172,284,10,10,null,0,1,0
1666687796831,164,HTTP Request,200,OK,Thread Group 1-2,text,true,,342172,284,10,10,https://en.wikipedia.org/wiki/Computer_network,54,0,0
1666687796831,54,HTTP Request-0,301,TLS Redirect,Thread Group 1-2,,true,,614,142,10,10,http://en.wikipedia.org/wiki/Computer_network,54,0,0
1666687796885,110,HTTP Request-1,200,OK,Thread Group 1-2,text,true,,341558,142,10,10,https://en.wikipedia.org/wiki/Computer_network,54,0,0
1666687796840,186,test1,200,"Number of samples in transaction : 1, number of failing samples : 0",Thread Group 1-4,,true,,342172,284,10,10,null,0,1,0
1666687796841,186,HTTP Request,200,OK,Thread Group 1-4,text,true,,342172,284,10,10,https://en.wikipedia.org/wiki/Computer_network,64,0,0
1666687796841,64,HTTP Request-0,301,TLS Redirect,Thread Group 1-4,,true,,614,142,10,10,http://en.wikipedia.org/wiki/Computer_network,64,0,0
1666687796906,121,HTTP Request-1,200,OK,Thread Group 1-4,text,true,,341558,142,10,10,https://en.wikipedia.org/wiki/Computer_network,60,0,0
1666687796587,455,test2,200,"Number of samples in transaction : 1, number of failing samples : 0",Thread Group 1-9,,true,,17524,119,10,10,null,0,0,0
1666687796587,455,HTTP Request,200,OK,Thread Group 1-9,text,true,,17524,119,10,10,https://www.google.com/,435,0,0
1666687796922,167,test1,200,"Number of samples in transaction : 1, number of failing samples : 0",Thread Group 1-1,,true,,342172,284,10,10,null,0,0,0
1666687796922,167,HTTP Request,200,OK,Thread Group 1-1,text,true,,342172,284,10,10,https://en.wikipedia.org/wiki/Computer_network,52,0,0
1666687796922,52,HTTP Request-0,301,TLS Redirect,Thread Group 1-1,,true,,614,142,10,10,http://en.wikipedia.org/wiki/Computer_network,52,0,0
1666687796974,115,HTTP Request-1,200,OK,Thread Group 1-1,text,true,,341558,142,10,10,https://en.wikipedia.org/wiki/Computer_network,53,0,0
1666687796990,165,test1,200,"Number of samples in transaction : 1, number of failing samples : 0",Thread Group 1-6,,true,,342172,284,10,10,null,0,1,0
1666687796990,165,HTTP Request,200,OK,Thread Group 1-6,text,true,,342172,284,10,10,https://en.wikipedia.org/wiki/Computer_network,52,0,0
1666687796990,52,HTTP Request-0,301,TLS Redirect,Thread Group 1-6,,true,,614,142,10,10,http://en.wikipedia.org/wiki/Computer_network,52,0,0
1666687797042,113,HTTP Request-1,200,OK,Thread Group 1-6,text,true,,341558,142,10,10,https://en.wikipedia.org/wiki/Computer_network,54,0,0
1666687797042,161,test1,200,"Number of samples in transaction : 1, number of failing samples : 0",Thread Group 1-9,,true,,342172,284,10,10,null,0,0,0
1666687797042,161,HTTP Request,200,OK,Thread Group 1-9,text,true,,342172,284,10,10,https://en.wikipedia.org/wiki/Computer_network,52,0,0
1666687797042,52,HTTP Request-0,301,TLS Redirect,Thread Group 1-9,,true,,614,142,10,10,http://en.wikipedia.org/wiki/Computer_network,52,0,0
1666687797095,108,HTTP Request-1,200,OK,Thread Group 1-9,text,true,,341558,142,10,10,https://en.wikipedia.org/wiki/Computer_network,51,0,0
1666687796709,509,test2,200,"Number of samples in transaction : 1, number of failing samples : 0",Thread Group 1-8,,true,,17473,119,10,10,null,0,0,0
1666687796709,509,HTTP Request,200,OK,Thread Group 1-8,text,true,,17473,119,10,10,https://www.google.com/,494,0,0
1666687796770,464,test2,200,"Number of samples in transaction : 1, number of failing samples : 0",Thread Group 1-5,,true,,17530,119,10,10,null,0,1,0
1666687796771,464,HTTP Request,200,OK,Thread Group 1-5,text,true,,17530,119,10,10,https://www.google.com/,447,0,0
1666687796764,477,test2,200,"Number of samples in transaction : 1, number of failing samples : 0",Thread Group 1-3,,true,,17474,119,10,10,null,0,1,0
1666687796764,477,HTTP Request,200,OK,Thread Group 1-3,text,true,,17474,119,10,10,https://www.google.com/,454,0,0
1666687796846,455,test2,200,"Number of samples in transaction : 1, number of failing samples : 0",Thread Group 1-7,,true,,17439,119,10,10,null,0,0,0
1666687796846,455,HTTP Request,200,OK,Thread Group 1-7,text,true,,17439,119,10,10,https://www.google.com/,446,0,0
1666687797218,182,test1,200,"Number of samples in transaction : 1, number of failing samples : 0",Thread Group 1-8,,true,,342172,284,10,10,null,0,0,0
1666687797218,182,HTTP Request,200,OK,Thread Group 1-8,text,true,,342172,284,10,10,https://en.wikipedia.org/wiki/Computer_network,68,0,0
1666687797218,68,HTTP Request-0,301,TLS Redirect,Thread Group 1-8,,true,,614,142,10,10,http://en.wikipedia.org/wiki/Computer_network,68,0,0
1666687797286,114,HTTP Request-1,200,OK,Thread Group 1-8,text,true,,341558,142,10,10,https://en.wikipedia.org/wiki/Computer_network,54,0,0
1666687796937,471,test2,200,"Number of samples in transaction : 1, number of failing samples : 0",Thread Group 1-10,,true,,17489,119,10,10,null,0,0,0
1666687796937,471,HTTP Request,200,OK,Thread Group 1-10,text,true,,17489,119,10,10,https://www.google.com/,461,0,0
1666687797242,166,test1,200,"Number of samples in transaction : 1, number of failing samples : 0",Thread Group 1-3,,true,,342172,284,10,10,null,0,0,0
1666687797242,166,HTTP Request,200,OK,Thread Group 1-3,text,true,,342172,284,10,10,https://en.wikipedia.org/wiki/Computer_network,59,0,0
1666687797242,59,HTTP Request-0,301,TLS Redirect,Thread Group 1-3,,true,,614,142,10,10,http://en.wikipedia.org/wiki/Computer_network,59,0,0
1666687797302,106,HTTP Request-1,200,OK,Thread Group 1-3,text,true,,341558,142,10,10,https://en.wikipedia.org/wiki/Computer_network,50,0,0
1666687797235,180,test1,200,"Number of samples in transaction : 1, number of failing samples : 0",Thread Group 1-5,,true,,342172,284,10,10,null,0,1,0
1666687797236,180,HTTP Request,200,OK,Thread Group 1-5,text,true,,342172,284,10,10,https://en.wikipedia.org/wiki/Computer_network,65,0,0
1666687797236,65,HTTP Request-0,301,TLS Redirect,Thread Group 1-5,,true,,614,142,10,10,http://en.wikipedia.org/wiki/Computer_network,65,0,0
1666687797302,114,HTTP Request-1,200,OK,Thread Group 1-5,text,true,,341558,142,10,10,https://en.wikipedia.org/wiki/Computer_network,51,0,0
1666687797028,406,test2,200,"Number of samples in transaction : 1, number of failing samples : 0",Thread Group 1-4,,true,,17499,119,10,10,null,0,0,0
1666687797028,406,HTTP Request,200,OK,Thread Group 1-4,text,true,,17499,119,10,10,https://www.google.com/,398,0,0
1666687796995,458,test2,200,"Number of samples in transaction : 1, number of failing samples : 0",Thread Group 1-2,,true,,17471,119,10,10,null,0,1,0
1666687796996,458,HTTP Request,200,OK,Thread Group 1-2,text,true,,17471,119,10,10,https://www.google.com/,438,0,0
1666687797302,164,test1,200,"Number of samples in transaction : 1, number of failing samples : 0",Thread Group 1-7,,true,,342172,284,10,10,null,0,0,0
1666687797302,164,HTTP Request,200,OK,Thread Group 1-7,text,true,,342172,284,10,10,https://en.wikipedia.org/wiki/Computer_network,52,0,0
1666687797302,52,HTTP Request-0,301,TLS Redirect,Thread Group 1-7,,true,,614,142,10,10,http://en.wikipedia.org/wiki/Computer_network,52,0,0
1666687797354,112,HTTP Request-1,200,OK,Thread Group 1-7,text,true,,341558,142,10,10,https://en.wikipedia.org/wiki/Computer_network,55,0,0
1666687797090,469,test2,200,"Number of samples in transaction : 1, number of failing samples : 0",Thread Group 1-1,,true,,17481,119,10,10,null,0,0,0
1666687797090,469,HTTP Request,200,OK,Thread Group 1-1,text,true,,17481,119,10,10,https://www.google.com/,452,0,0
1666687797408,164,test1,200,"Number of samples in transaction : 1, number of failing samples : 0",Thread Group 1-10,,true,,342172,284,10,10,null,0,2,0
1666687797409,164,HTTP Request,200,OK,Thread Group 1-10,text,true,,342172,284,10,10,https://en.wikipedia.org/wiki/Computer_network,55,0,0
1666687797409,55,HTTP Request-0,301,TLS Redirect,Thread Group 1-10,,true,,614,142,10,10,http://en.wikipedia.org/wiki/Computer_network,55,0,0
1666687797464,109,HTTP Request-1,200,OK,Thread Group 1-10,text,true,,341558,142,10,10,https://en.wikipedia.org/wiki/Computer_network,51,0,0
1666687797156,449,test2,200,"Number of samples in transaction : 1, number of failing samples : 0",Thread Group 1-6,,true,,17469,119,10,10,null,0,1,0
1666687797156,449,HTTP Request,200,OK,Thread Group 1-6,text,true,,17469,119,10,10,https://www.google.com/,435,0,0
1666687797434,174,test1,200,"Number of samples in transaction : 1, number of failing samples : 0",Thread Group 1-4,,true,,342172,284,10,10,null,0,0,0
1666687797434,174,HTTP Request,200,OK,Thread Group 1-4,text,true,,342172,284,10,10,https://en.wikipedia.org/wiki/Computer_network,66,0,0
1666687797434,66,HTTP Request-0,301,TLS Redirect,Thread Group 1-4,,true,,614,142,10,10,http://en.wikipedia.org/wiki/Computer_network,66,0,0
1666687797501,107,HTTP Request-1,200,OK,Thread Group 1-4,text,true,,341558,142,10,10,https://en.wikipedia.org/wiki/Computer_network,50,0,0
1666687797455,171,test1,200,"Number of samples in transaction : 1, number of failing samples : 0",Thread Group 1-2,,true,,342172,284,10,10,null,0,0,0
1666687797455,171,HTTP Request,200,OK,Thread Group 1-2,text,true,,342172,284,10,10,https://en.wikipedia.org/wiki/Computer_network,59,0,0
1666687797455,59,HTTP Request-0,301,TLS Redirect,Thread Group 1-2,,true,,614,142,10,10,http://en.wikipedia.org/wiki/Computer_network,59,0,0
1666687797514,112,HTTP Request-1,200,OK,Thread Group 1-2,text,true,,341558,142,10,10,https://en.wikipedia.org/wiki/Computer_network,54,0,0
1666687797204,470,test2,200,"Number of samples in transaction : 1, number of failing samples : 0",Thread Group 1-9,,true,,17487,119,10,10,null,0,0,0
1666687797204,470,HTTP Request,200,OK,Thread Group 1-9,text,true,,17487,119,10,10,https://www.google.com/,459,0,0
1666687797559,170,test1,200,"Number of samples in transaction : 1, number of failing samples : 0",Thread Group 1-1,,true,,342172,284,10,10,null,0,2,0
1666687797560,170,HTTP Request,200,OK,Thread Group 1-1,text,true,,342172,284,10,10,https://en.wikipedia.org/wiki/Computer_network,56,0,0
1666687797560,56,HTTP Request-0,301,TLS Redirect,Thread Group 1-1,,true,,614,142,10,10,http://en.wikipedia.org/wiki/Computer_network,56,0,0
1666687797616,114,HTTP Request-1,200,OK,Thread Group 1-1,text,true,,341558,142,10,10,https://en.wikipedia.org/wiki/Computer_network,54,0,0
1666687797606,173,test1,200,"Number of samples in transaction : 1, number of failing samples : 0",Thread Group 1-6,,true,,342172,284,10,10,null,0,0,0
1666687797606,173,HTTP Request,200,OK,Thread Group 1-6,text,true,,342172,284,10,10,https://en.wikipedia.org/wiki/Computer_network,63,0,0
1666687797606,63,HTTP Request-0,301,TLS Redirect,Thread Group 1-6,,true,,614,142,10,10,http://en.wikipedia.org/wiki/Computer_network,63,0,0
1666687797669,110,HTTP Request-1,200,OK,Thread Group 1-6,text,true,,341558,142,10,10,https://en.wikipedia.org/wiki/Computer_network,54,0,0
1666687797674,160,test1,200,"Number of samples in transaction : 1, number of failing samples : 0",Thread Group 1-9,,true,,342172,284,10,10,null,0,1,0
1666687797675,160,HTTP Request,200,OK,Thread Group 1-9,text,true,,342172,284,10,10,https://en.wikipedia.org/wiki/Computer_network,53,0,0
1666687797675,53,HTTP Request-0,301,TLS Redirect,Thread Group 1-9,,true,,614,142,10,10,http://en.wikipedia.org/wiki/Computer_network,53,0,0
1666687797728,107,HTTP Request-1,200,OK,Thread Group 1-9,text,true,,341558,142,10,10,https://en.wikipedia.org/wiki/Computer_network,52,0,0
1666687797416,419,test2,200,"Number of samples in transaction : 1, number of failing samples : 0",Thread Group 1-5,,true,,17531,119,10,10,null,0,1,0
1666687797417,419,HTTP Request,200,OK,Thread Group 1-5,text,true,,17531,119,10,10,https://www.google.com/,411,0,0
1666687797401,472,test2,200,"Number of samples in transaction : 1, number of failing samples : 0",Thread Group 1-8,,true,,17441,119,10,10,null,0,0,0
1666687797401,472,HTTP Request,200,OK,Thread Group 1-8,text,true,,17441,119,10,10,https://www.google.com/,465,0,0
1666687797467,427,test2,200,"Number of samples in transaction : 1, number of failing samples : 0",Thread Group 1-7,,true,,17510,119,10,10,null,0,0,0
1666687797467,427,HTTP Request,200,OK,Thread Group 1-7,text,true,,17510,119,10,10,https://www.google.com/,417,0,0
1666687797409,490,test2,200,"Number of samples in transaction : 1, number of failing samples : 0",Thread Group 1-3,,true,,17477,119,10,10,null,0,0,0
1666687797409,490,HTTP Request,200,OK,Thread Group 1-3,text,true,,17477,119,10,10,https://www.google.com/,478,0,0
1666687797609,412,test2,200,"Number of samples in transaction : 1, number of failing samples : 0",Thread Group 1-4,,true,,17512,119,8,8,null,0,0,0
1666687797609,412,HTTP Request,200,OK,Thread Group 1-4,text,true,,17512,119,8,8,https://www.google.com/,390,0,0
1666687797836,185,test1,200,"Number of samples in transaction : 1, number of failing samples : 0",Thread Group 1-5,,true,,342172,284,8,8,null,0,1,0
1666687797836,185,HTTP Request,200,OK,Thread Group 1-5,text,true,,342172,284,8,8,https://en.wikipedia.org/wiki/Computer_network,62,0,0
1666687797836,62,HTTP Request-0,301,TLS Redirect,Thread Group 1-5,,true,,614,142,8,8,http://en.wikipedia.org/wiki/Computer_network,62,0,0
1666687797899,122,HTTP Request-1,200,OK,Thread Group 1-5,text,true,,341558,142,8,8,https://en.wikipedia.org/wiki/Computer_network,52,0,0
1666687797874,168,test1,200,"Number of samples in transaction : 1, number of failing samples : 0",Thread Group 1-8,,true,,342172,284,7,7,null,0,0,0
1666687797874,168,HTTP Request,200,OK,Thread Group 1-8,text,true,,342172,284,7,7,https://en.wikipedia.org/wiki/Computer_network,56,0,0
1666687797874,56,HTTP Request-0,301,TLS Redirect,Thread Group 1-8,,true,,614,142,7,7,http://en.wikipedia.org/wiki/Computer_network,56,0,0
1666687797930,112,HTTP Request-1,200,OK,Thread Group 1-8,text,true,,341558,142,7,7,https://en.wikipedia.org/wiki/Computer_network,54,0,0
1666687797574,477,test2,200,"Number of samples in transaction : 1, number of failing samples : 0",Thread Group 1-10,,true,,17452,119,7,7,null,0,0,0
1666687797574,477,HTTP Request,200,OK,Thread Group 1-10,text,true,,17452,119,7,7,https://www.google.com/,465,0,0
1666687797627,445,test2,200,"Number of samples in transaction : 1, number of failing samples : 0",Thread Group 1-2,,true,,17516,119,6,6,null,0,0,0
1666687797627,445,HTTP Request,200,OK,Thread Group 1-2,text,true,,17516,119,6,6,https://www.google.com/,433,0,0
1666687797731,449,test2,200,"Number of samples in transaction : 1, number of failing samples : 0",Thread Group 1-1,,true,,17485,119,6,6,null,0,1,0
1666687797731,449,HTTP Request,200,OK,Thread Group 1-1,text,true,,17485,119,6,6,https://www.google.com/,434,0,0
1666687798072,165,test1,200,"Number of samples in transaction : 1, number of failing samples : 0",Thread Group 1-2,,true,,342172,284,5,5,null,0,1,0
1666687798073,165,HTTP Request,200,OK,Thread Group 1-2,text,true,,342172,284,5,5,https://en.wikipedia.org/wiki/Computer_network,55,0,0
1666687798073,55,HTTP Request-0,301,TLS Redirect,Thread Group 1-2,,true,,614,142,5,5,http://en.wikipedia.org/wiki/Computer_network,55,0,0
1666687798128,110,HTTP Request-1,200,OK,Thread Group 1-2,text,true,,341558,142,5,5,https://en.wikipedia.org/wiki/Computer_network,53,0,0
1666687797780,486,test2,200,"Number of samples in transaction : 1, number of failing samples : 0",Thread Group 1-6,,true,,17454,119,5,5,null,0,1,0
1666687797780,486,HTTP Request,200,OK,Thread Group 1-6,text,true,,17454,119,5,5,https://www.google.com/,466,0,0
1666687797835,463,test2,200,"Number of samples in transaction : 1, number of failing samples : 0",Thread Group 1-9,,true,,17483,119,4,4,null,0,0,0
1666687797835,463,HTTP Request,200,OK,Thread Group 1-9,text,true,,17483,119,4,4,https://www.google.com/,439,0,0
1666687798022,441,test2,200,"Number of samples in transaction : 1, number of failing samples : 0",Thread Group 1-5,,true,,17453,119,4,4,null,0,0,0
1666687798022,441,HTTP Request,200,OK,Thread Group 1-5,text,true,,17453,119,4,4,https://www.google.com/,435,0,0
1666687798299,174,test1,200,"Number of samples in transaction : 1, number of failing samples : 0",Thread Group 1-9,,true,,342172,284,3,3,null,0,1,0
1666687798299,174,HTTP Request,200,OK,Thread Group 1-9,text,true,,342172,284,3,3,https://en.wikipedia.org/wiki/Computer_network,62,0,0
1666687798299,62,HTTP Request-0,301,TLS Redirect,Thread Group 1-9,,true,,614,142,3,3,http://en.wikipedia.org/wiki/Computer_network,62,0,0
1666687798362,111,HTTP Request-1,200,OK,Thread Group 1-9,text,true,,341558,142,3,3,https://en.wikipedia.org/wiki/Computer_network,50,0,0
1666687798042,445,test2,200,"Number of samples in transaction : 1, number of failing samples : 0",Thread Group 1-8,,true,,17432,119,3,3,null,0,1,0
1666687798042,445,HTTP Request,200,OK,Thread Group 1-8,text,true,,17432,119,3,3,https://www.google.com/,431,0,0
1666687798488,165,test1,200,"Number of samples in transaction : 1, number of failing samples : 0",Thread Group 1-8,,true,,342172,284,3,3,null,0,0,0
1666687798488,165,HTTP Request,200,OK,Thread Group 1-8,text,true,,342172,284,3,3,https://en.wikipedia.org/wiki/Computer_network,56,0,0
1666687798488,56,HTTP Request-0,301,TLS Redirect,Thread Group 1-8,,true,,614,142,3,3,http://en.wikipedia.org/wiki/Computer_network,56,0,0
1666687798544,109,HTTP Request-1,200,OK,Thread Group 1-8,text,true,,341558,142,3,3,https://en.wikipedia.org/wiki/Computer_network,54,0,0
1666687798239,456,test2,200,"Number of samples in transaction : 1, number of failing samples : 0",Thread Group 1-2,,true,,17470,119,3,3,null,0,0,0
1666687798239,456,HTTP Request,200,OK,Thread Group 1-2,text,true,,17470,119,3,3,https://www.google.com/,439,0,0
1666687798695,177,test1,200,"Number of samples in transaction : 1, number of failing samples : 0",Thread Group 1-2,,true,,342172,284,3,3,null,0,0,0
1666687798695,177,HTTP Request,200,OK,Thread Group 1-2,text,true,,342172,284,3,3,https://en.wikipedia.org/wiki/Computer_network,66,0,0
1666687798695,66,HTTP Request-0,301,TLS Redirect,Thread Group 1-2,,true,,614,142,3,3,http://en.wikipedia.org/wiki/Computer_network,66,0,0
1666687798761,111,HTTP Request-1,200,OK,Thread Group 1-2,text,true,,341558,142,3,3,https://en.wikipedia.org/wiki/Computer_network,54,0,0
1666687798474,455,test2,200,"Number of samples in transaction : 1, number of failing samples : 0",Thread Group 1-9,,true,,17463,119,3,3,null,0,0,0
1666687798474,455,HTTP Request,200,OK,Thread Group 1-9,text,true,,17463,119,3,3,https://www.google.com/,427,0,0
1666687798654,453,test2,200,"Number of samples in transaction : 1, number of failing samples : 0",Thread Group 1-8,,true,,17462,119,2,2,null,0,1,0
1666687798654,453,HTTP Request,200,OK,Thread Group 1-8,text,true,,17462,119,2,2,https://www.google.com/,438,0,0
1666687798873,439,test2,200,"Number of samples in transaction : 1, number of failing samples : 0",Thread Group 1-2,,true,,17465,119,1,1,null,0,0,0
1666687798873,439,HTTP Request,200,OK,Thread Group 1-2,text,true,,17465,119,1,1,https://www.google.com/,426,0,0
